,fips,CFR,popdensity,percminor,percold,CCVI
1,1001,0.016304348,93.5,0.216201147,0.284473301,9
2,1003,0.023498695,137.1,0.110401703,0.348496941,4
3,1005,0.004201681,28.1,0.499658374,0.323258711,10
4,1007,0.009009009,36,0.221875,0.2940625,9
5,1009,0.00862069,89.7,0.0281639,0.314280775,8
6,1011,0.029315961,16.3,0.72647465,0.304892484,10
7,1013,0.045955882,25.3,0.467428862,0.345325203,9
8,1015,0.014705882,188.6,0.229136222,0.316817907,8
9,1017,0.054736842,56.4,0.41773018,0.342466161,10
10,1021,0.014184397,63.7,0.116911648,0.301112042,9
11,1023,0.0625,14.1,0.421540378,0.38665213,10
12,1025,0.015625,19.3,0.456939799,0.342892977,8
13,1031,0.003401361,76.5,0.214413685,0.294919956,8
14,1033,0.018382353,92.4,0.176417954,0.340728973,6
15,1035,0.009803922,14.4,0.471369227,0.381119166,10
16,1039,0.005681818,35.9,0.138268534,0.359298113,8
17,1041,0.026086957,22.7,0.25354456,0.334780093,10
18,1043,0.003558719,113.6,0.028199228,0.321396898,7
20,1047,0.01183432,39.1,0.714617593,0.328321587,9
21,1049,0.015337423,91.9,0.051775583,0.303172935,8
22,1051,0.016071429,132.4,0.229548036,0.282938684,8
23,1053,0.028037383,38.9,0.361080875,0.310139327,7
24,1055,0.035820896,191.6,0.175490971,0.327040712,7
25,1059,0.013623978,49.5,0.067882537,0.293945095,9
26,1063,0.037878788,12.7,0.808089396,0.376654925,10
27,1065,0.0625,22.9,0.587532256,0.336004346,10
28,1067,0.018518519,30.6,0.27282236,0.366087512,7
29,1069,0.015384615,180.6,0.29148603,0.31041233,7
30,1071,0.024,48,0.060596103,0.349427865,8
31,1073,0.045896538,593.3,0.457482178,0.289971182,6
32,1077,0.011952191,138.4,0.114507452,0.33789386,7
33,1081,0.048209366,269.8,0.279362698,0.22669131,8
35,1085,0.037783375,13.9,0.734309204,0.338981352,10
36,1087,0.047244094,30.3,0.819675687,0.338901242,9
37,1089,0.008517888,457.2,0.288083292,0.290994464,3
38,1091,0.040540541,19.5,0.522133641,0.336515263,10
39,1093,0.082191781,40.1,0.047811041,0.353089406,8
40,1095,0.009988901,169.9,0.052815033,0.301262109,9
41,1097,0.047045952,336.5,0.393716602,0.294987154,8
42,1099,0.014705882,20.5,0.432667205,0.351497603,10
43,1101,0.02371134,287.9,0.629363536,0.277445817,8
44,1103,0.00310559,205.6,0.151290212,0.311792021,8
45,1107,0.042253521,22.6,0.412127596,0.334135821,10
46,1109,0.005952381,49.6,0.408662787,0.261113444,8
47,1111,0.055944056,39.1,0.206028603,0.351287129,10
49,1117,0.029673591,274.8,0.158715294,0.283138702,5
50,1115,0.011049724,140.4,0.108952531,0.303393844,7
51,1119,0.041666667,14,0.740524781,0.320384524,10
52,1121,0.029411765,108.3,0.341045748,0.321466152,9
53,1123,0.139583333,56.5,0.2837988,0.36817542,9
54,1125,0.018436578,158.1,0.342313234,0.247253615,5
55,1127,0.010204082,80.5,0.075355904,0.334479132,7
56,1131,0.035555556,12,0.718735297,0.331890468,10
57,1133,0.0078125,38.6,0.024683009,0.364792899,10
58,2020,0.01734104,171,0.288538715,0.232285328,2
59,2122,0.00862069,3.6,0.1132011,0.333077068,3
60,4001,0.02835443,6.4,0.763165223,0.281865271,10
61,4003,0.022624434,20.6,0.094375641,0.355628303,7
62,4005,0.064093227,7.7,0.316021952,0.239734274,3
63,4012,0.009009009,4.7,0.207223434,0.517774197,9
64,4013,0.028752839,479.4,0.142411259,0.267353447,3
65,4015,0.108414239,15.7,0.060281556,0.466604629,5
66,4017,0.03262519,11.1,0.477350718,0.312961202,9
67,4019,0.056541582,113.1,0.124149121,0.322084204,3
68,4021,0.028061224,83.3,0.145268351,0.322526826,6
69,4023,0.010443864,37.6,0.033583453,0.303863602,8
70,4025,0.018716578,28.6,0.044971184,0.488049208,5
71,4027,0.014982374,38.5,0.0701039,0.285690715,6
72,5007,0.005405405,321.7,0.088082521,0.241680362,6
73,5031,0.005509642,153.5,0.181985667,0.248079368,4
74,5035,0.016759777,79.3,0.552935336,0.267179678,10
75,5045,0.01744186,192.6,0.14453632,0.234275596,2
76,5051,0.006060606,146.3,0.105552978,0.382879158,6
77,5069,0.044233807,78.2,0.587103973,0.311008016,7
78,5077,0.001841621,14.9,0.555036171,0.325431274,10
79,5079,0.011055276,23.8,0.31383098,0.271090189,10
81,5115,0.007117438,78.8,0.057734375,0.279171875,8
82,5119,0.032258065,516.8,0.406720485,0.285481817,6
83,5125,0.011049724,167.8,0.101843997,0.302913005,6
84,5131,0.012121212,240.2,0.14503769,0.288447238,5
85,5133,0.010752688,30.3,0.093295992,0.258999942,9
86,5123,0.002570694,40.1,0.546365816,0.291049176,9
87,5139,0.052884615,37.6,0.343403363,0.32183203,5
88,5143,0.006233766,251.6,0.106245332,0.217909276,5
89,5149,0.006493506,23.2,0.045414442,0.313954028,9
90,6001,0.025489304,2255.4,0.457644894,0.260201722,3
91,6013,0.022188603,1606.6,0.298022544,0.289926666,4
93,6019,0.020325203,166.9,0.204934634,0.227197305,7
94,6023,0.037735849,38.2,0.113189561,0.311579272,7
95,6025,0.010702652,43.5,0.08411842,0.23340318,10
96,6029,0.016286645,110.3,0.148499494,0.214703088,7
97,6031,0.004369197,108.9,0.156660016,0.197356077,9
98,6037,0.039652532,2490.3,0.265480206,0.256043085,5
99,6039,0.013274336,73.8,0.117002385,0.250260033,7
100,6041,0.023448276,499.1,0.108504772,0.375220476,1
101,6047,0.017114914,142,0.151853402,0.213051153,9
102,6053,0.012060302,132.8,0.140178699,0.247847766,6
103,6055,0.015706806,186.3,0.133132975,0.327112189,3
104,6059,0.025231191,4030,0.252260224,0.274833269,5
105,6061,0.023076923,279.4,0.115391366,0.330025003,1
106,6065,0.03402747,340.1,0.170637003,0.258790954,6
107,6067,0.035136642,1597.5,0.316722854,0.263518227,4
108,6069,0.015503876,44.3,0.090433398,0.251149715,6
109,6071,0.030472389,108.3,0.20169939,0.229039562,6
110,6073,0.033081774,794.8,0.205431416,0.258848274,3
111,6075,0.015228426,18845.9,0.432979548,0.271599278,2
112,6077,0.025058275,541,0.289514522,0.239836048,7
113,6079,0.002881844,86.1,0.078754269,0.337995141,2
114,6081,0.038506418,1716.2,0.358879598,0.290588595,2
115,6083,0.008784773,163.3,0.111769277,0.266696079,4
116,6085,0.047058824,1501.9,0.432405539,0.252740804,2
117,6087,0.011673152,616.1,0.090116862,0.298098485,4
118,6095,0.033333333,543.5,0.344508632,0.292646828,4
119,6097,0.005228758,317.3,0.094951014,0.341841654,4
120,6099,0.029335634,367.8,0.129252567,0.244824168,7
121,6107,0.036786787,96.6,0.093897107,0.213744014,9
122,6111,0.025107165,461.7,0.126762847,0.287463556,4
123,6113,0.094117647,217.2,0.20888534,0.228090632,5
124,8001,0.038308061,438.4,0.110731673,0.2131741,3
125,8003,0.023622047,23.1,0.095666247,0.244260625,4
126,8005,0.069530926,816,0.197174512,0.252351374,1
127,8013,0.064338235,449,0.071761971,0.268475641,1
128,8014,0.105660377,2097.1,0.093204556,0.255027647,1
129,8031,0.057089084,4683,0.163295613,0.215872613,1
130,8035,0.060718711,407.9,0.074704763,0.244993815,1
131,8037,0.012779553,32.6,0.044369283,0.243540087,1
132,8041,0.05306543,335.6,0.122415445,0.244837894,2
133,8045,0.010362694,20.3,0.041910658,0.262472812,4
134,8051,0.033149171,5.3,0.042270671,0.253160153,1
135,8059,0.080291971,759.3,0.0589022,0.308650146,2
136,8069,0.041411043,135,0.047769301,0.281802932,1
137,8075,0.007898894,11.7,0.06763285,0.310850985,7
138,8085,0.061538462,18.8,0.037309897,0.384374852,3
139,8087,0.069659443,22.3,0.068877372,0.280236711,7
140,8101,0.0625,70.2,0.071683112,0.319538707,3
141,8117,0.007782101,51,0.035991873,0.274131648,1
142,8123,0.051012753,78.8,0.052410875,0.236582301,2
143,9001,0.082445832,1510.4,0.194542833,0.299010514,2
144,9003,0.118244146,1214.4,0.224841128,0.309686265,2
145,9005,0.093684941,196.7,0.048588987,0.386254838,1
146,9007,0.138686131,440.5,0.0918479,0.365990091,1
147,9009,0.086686022,1418.7,0.202106994,0.313117698,2
148,9011,0.082258065,401.3,0.131615839,0.330694494,1
149,9013,0.06981982,367.9,0.092313197,0.29708258,1
150,9015,0.029978587,228.2,0.056756133,0.317584831,2
151,10001,0.053035144,304.6,0.306435172,0.298403808,3
152,10003,0.043728423,1312.1,0.327771371,0.290353724,2
153,10005,0.033967391,244.9,0.152168035,0.440672348,4
154,11001,0.052556383,11506.2,0.521903894,0.221515969,3
155,12001,0.01814882,308.5,0.275630103,0.248521981,2
156,12005,0.026143791,244.3,0.152638879,0.313373307,6
157,12009,0.026548673,587.6,0.142195095,0.400712743,5
158,12011,0.039401277,1612.9,0.350538114,0.300336193,7
159,12015,0.13594041,271.9,0.080303571,0.574227829,6
160,12017,0.08,254.3,0.054377438,0.525833339,6
161,12019,0.072727273,357.5,0.165051464,0.295632937,8
162,12021,0.023148148,189.4,0.097530173,0.456236393,5
163,12023,0.010928962,88.4,0.203353049,0.327404508,6
164,12027,0.025839793,58.8,0.145962816,0.340633252,10
165,12031,0.028051181,1246.6,0.365968168,0.268128914,6
166,12033,0.038038038,480.7,0.281053706,0.304201766,4
167,12035,0.024154589,230.8,0.140719391,0.464543532,7
168,12039,0.013157895,88.9,0.573844075,0.323353815,10
169,12043,0.00862069,17,0.198994462,0.404182454,10
170,12047,0.007352941,27.9,0.349685535,0.313556953,10
172,12051,0.030769231,36,0.153575898,0.247401097,10
173,12053,0.035460993,403.9,0.081775077,0.420506641,6
174,12055,0.052325581,103.7,0.129790181,0.486615951,9
175,12057,0.025875588,1408.4,0.232349355,0.263100534,6
176,12061,0.055555556,313,0.116959844,0.486319427,3
177,12063,0.003125,52.6,0.289887175,0.328268295,10
178,12069,0.033195021,379.9,0.146481718,0.403784064,7
179,12071,0.045897079,961.9,0.116295835,0.426707836,7
180,12073,0.016913319,438.6,0.361508639,0.24215219,2
181,12075,0.00990099,36.5,0.110473387,0.406916851,10
182,12077,0.004545455,10.1,0.213550905,0.268534941,9
183,12081,0.080928923,531.5,0.121743425,0.421600334,4
184,12083,0.025396825,227.2,0.16108807,0.426660592,7
185,12085,0.014778325,296.1,0.084835189,0.466037337,5
186,12086,0.037213912,1455.2,0.20202413,0.287085912,9
187,12087,0.030769231,76.3,0.090607381,0.396044091,8
188,12091,0.017857143,222.8,0.150061032,0.294366258,4
190,12095,0.013715331,1528.2,0.296304264,0.231469349,6
191,12097,0.024764151,277.2,0.181643523,0.239737493,9
192,12099,0.047597914,754.4,0.236615047,0.3720215,4
193,12101,0.027624309,722.5,0.09924022,0.361247521,6
194,12103,0.042695689,3562,0.153413379,0.408400664,5
195,12105,0.049701789,393.8,0.190489104,0.324915361,9
196,12107,0.031413613,101.9,0.180103286,0.386082009,9
197,12113,0.030716724,177.3,0.099063836,0.298880953,5
198,12115,0.116666667,767.7,0.070526671,0.522973017,2
199,12117,0.016455696,1512.9,0.186156569,0.285078832,7
200,12109,0.019047619,423.3,0.092707887,0.345467846,2
201,12111,0.03887689,561.5,0.240159687,0.381744974,8
202,12119,0.063670412,235.4,0.09023409,0.714882644,4
203,12121,0.09,64.2,0.144214885,0.355343848,10
204,12127,0.050739958,497.3,0.141166458,0.397393423,5
205,12131,0.06,68.8,0.077660245,0.362591944,6
206,13001,0.06372549,36.5,0.213216621,0.307559302,10
207,13005,0.016949153,43.3,0.180062584,0.282431828,10
208,13009,0.074592075,173.8,0.448452803,0.288579524,7
209,13011,0.009174312,81.8,0.048820308,0.311407205,7
210,13013,0.059278351,504.1,0.172035293,0.23997327,6
211,13015,0.071167883,231.6,0.131907375,0.2708349,7
212,13017,0.00952381,67.1,0.378090189,0.309823077,8
213,13021,0.066420664,613,0.584375714,0.281446161,8
214,13031,0.027777778,114.9,0.316833989,0.216828814,5
215,13033,0.047619048,27.1,0.486732373,0.298443562,9
216,13035,0.130612245,131.2,0.298433431,0.285247799,8
217,13037,0.040540541,22.7,0.627046599,0.285579345,10
218,13045,0.060260586,236.7,0.213611466,0.252800095,9
220,13051,0.048742138,678.2,0.44781203,0.274990923,6
222,13057,0.036538462,602.7,0.102420234,0.266351628,4
223,13059,0.043103448,1068.2,0.33508207,0.19971727,3
224,13063,0.05,2045.7,0.786337034,0.203563351,10
225,13067,0.059977888,2229,0.351704729,0.244438572,3
226,13069,0.040462428,74.9,0.301858771,0.252430789,10
227,13071,0.025036819,83.8,0.261251974,0.269499035,10
228,13073,0.026578073,531.9,0.235911362,0.255264403,3
229,13077,0.023300971,330.8,0.21314375,0.2672558,4
230,13081,0.041322314,82.9,0.465510376,0.323879474,10
231,13085,0.025210084,119,0.024478731,0.344017861,3
232,13089,0.033983927,2827.4,0.625075672,0.242051502,6
233,13087,0.035714286,44.5,0.44349953,0.292568203,10
234,13093,0.062827225,35,0.511965563,0.352984095,10
235,13095,0.081566069,277.6,0.726861239,0.27403746,8
236,13097,0.042424242,726.4,0.51165271,0.235118454,7
237,13099,0.121568627,20,0.528056992,0.321459939,10
239,13113,0.057471264,583.8,0.305537683,0.332243365,2
240,13115,0.040431267,192,0.177550624,0.293197994,7
241,13117,0.02173913,1056.2,0.193840549,0.228830321,1
242,13119,0.007142857,88,0.116275029,0.328019806,10
243,13121,0.056234245,1994,0.527683661,0.230068354,5
244,13123,0.005882353,72.2,0.033261942,0.408326843,9
245,13127,0.015789474,203,0.29412455,0.34216548,7
246,13129,0.0703125,162.1,0.066932478,0.272913236,8
247,13131,0.028776978,54.4,0.320672378,0.316308389,10
248,13135,0.029201206,2155.7,0.431140539,0.216396973,4
249,13137,0.052013423,164,0.079095796,0.308583767,7
250,13139,0.019963702,514.7,0.113179453,0.26658191,4
251,13141,0.148514851,17.7,0.728557738,0.385721131,10
252,13145,0.02955665,74.3,0.186744017,0.339173314,5
253,13151,0.035211268,714.7,0.509569108,0.237968031,5
254,13153,0.044843049,414,0.365378307,0.250879597,8
255,13157,0.026717557,207.3,0.098988952,0.263284201,8
256,13175,0.008474576,58.6,0.389519282,0.304701532,6
257,13177,0.058823529,83.7,0.254636474,0.247345787,8
258,13185,0.006144393,234.5,0.400684313,0.224645593,5
259,13187,0.009345794,116.5,0.035381581,0.310241238,5
260,13193,0.068965517,32.8,0.625960587,0.317355246,10
261,13199,0.023622047,42,0.402696032,0.354803493,10
262,13205,0.085648148,43.3,0.498377794,0.294385364,10
263,13207,0.106870229,69.6,0.243204942,0.337609012,9
264,13213,0.006993007,115.9,0.032013226,0.2755442,7
265,13215,0.02739726,897.3,0.518304491,0.250808611,7
266,13217,0.026190476,402.5,0.486858802,0.246884728,9
267,13219,0.069230769,213.1,0.099740273,0.279486657,2
268,13223,0.031862745,525.4,0.227944942,0.220190924,3
269,13229,0.030534351,61.3,0.10505957,0.296250451,8
270,13233,0.006060606,136.9,0.146833059,0.280221333,9
271,13237,0.107142857,63.3,0.282589757,0.399697373,6
272,13243,0.115183246,16,0.623152349,0.395580272,10
273,13245,0.055718475,621.4,0.60073231,0.265497088,5
274,13247,0.026086957,698,0.600039738,0.282380732,8
275,13255,0.075709779,336.4,0.365007564,0.307049924,9
276,13257,0.032679739,145.3,0.127328596,0.330055694,7
277,13261,0.09765625,61.6,0.55510712,0.287357482,10
278,13273,0.119266055,25.7,0.617582162,0.341539891,10
279,13275,0.090659341,81.6,0.380444564,0.318642009,9
280,13277,0.052009456,156.7,0.329619679,0.267506347,7
281,13279,0.037037037,73.9,0.284821661,0.286011827,10
282,13285,0.029040404,169.2,0.395222321,0.273767027,9
283,13287,0.091503268,27.7,0.424418605,0.317239636,10
284,13293,0.13559322,81.1,0.298340645,0.329467862,7
285,13295,0.008888889,155.5,0.057426884,0.325961677,6
286,13297,0.070336391,287.1,0.207501364,0.279787814,6
287,13299,0.048951049,40,0.318273543,0.299607623,7
288,13311,0.032258065,124.5,0.034234234,0.376576577,5
289,13313,0.01618123,358.3,0.07733851,0.255674502,7
290,13315,0.118644068,23.3,0.363822061,0.299818429,10
291,13321,0.080769231,35.6,0.294349475,0.337257993,9
292,6600,0.005194805,NA,NA,NA,NA
293,15003,0.021956088,1631.5,0.614850829,0.296378867,5
294,15009,0.05,144,0.481415252,0.325004336,3
295,16001,0.024043716,446.5,0.053574088,0.264714894,1
296,16013,0.009708738,8.5,0.038538118,0.348081943,4
297,16027,0.016666667,380.5,0.040778706,0.244694607,3
298,16031,0.006993007,9.3,0.038132752,0.25284948,4
299,16053,0.014423077,40.2,0.039058922,0.24418072,6
302,16083,0.053830228,44.8,0.04199533,0.267852372,2
303,17007,0.036190476,190.9,0.053474439,0.287324785,8
304,17019,0.012211669,210.8,0.253382417,0.233518904,6
305,17027,0.079812207,79.4,0.047424214,0.318074338,7
306,17029,0.118881119,100.1,0.056519603,0.300599391,5
307,17031,0.04937547,5480.1,0.32811742,0.269687846,8
308,17037,0.029469548,165,0.115543051,0.237759619,5
309,17043,0.050915535,2835.4,0.184773888,0.295172568,2
310,17063,0.015503876,121.9,0.031527113,0.268245311,5
311,17075,0.036231884,24.7,0.021409941,0.369946385,7
312,17077,0.041009464,98.3,0.198871454,0.270781449,7
313,17081,0.153846154,66.2,0.106213644,0.325145426,7
314,17089,0.03261324,1027.2,0.115998023,0.262318987,3
315,17091,0.049674267,162.6,0.166845416,0.300389006,5
316,17093,0.024149286,399.3,0.116569597,0.203424149,2
318,17099,0.08839779,96.4,0.042675683,0.339541259,6
319,17097,0.0411049,1579.6,0.168934923,0.278898509,7
320,17115,0.100478469,180.3,0.191830927,0.341871037,6
321,17119,0.090040928,369.6,0.10334227,0.316095757,4
322,17109,0.145631068,50.8,0.084927391,0.297212485,3
323,17111,0.045797414,511.6,0.05334284,0.291574035,2
324,17113,0.053941909,146,0.140665864,0.247569838,5
325,17133,0.107142857,89.2,0.013979904,0.335372069,4
326,17137,0.018867925,59.7,0.082911467,0.341829527,6
327,17141,0.017094017,67.1,0.02450759,0.335388724,5
328,17143,0.050632911,291.7,0.234180965,0.298376158,3
329,17157,0.025179856,55.8,0.114651467,0.329720302,8
330,17161,0.035805627,335.5,0.145800372,0.331021697,4
331,17167,0.08616188,225,0.155169236,0.320760898,3
332,17163,0.077617329,396.9,0.328312757,0.297695157,7
333,17177,0.021645022,79.3,0.114226979,0.380466114,5
334,17181,0.097701149,40.7,0.025948578,0.36060804,7
336,17195,0.09202454,81.3,0.02951857,0.356991335,6
337,17197,0.049041897,827.2,0.187368375,0.256575811,3
338,17201,0.030641673,553.4,0.172559939,0.312160968,6
339,18003,0.042095835,571,0.171354279,0.26949442,4
340,18005,0.078711986,203.4,0.108382778,0.286587797,3
341,18011,0.101485149,158.4,0.054553053,0.261914357,2
342,18015,0.01980198,54.1,0.014358821,0.347244994,5
343,18017,0.00621504,92.1,0.057014886,0.317850086,7
344,18019,0.085069444,314.8,0.098781527,0.292442059,6
345,18023,0.007604563,79.6,0.017736434,0.298883721,8
346,18027,0.144,77.2,0.032763146,0.275439708,7
347,18033,0.032786885,119.1,0.01445889,0.299403137,4
348,18029,0.127777778,162.5,0.014707069,0.327126372,3
349,18031,0.138888889,71.9,0.022728969,0.3059267,7
350,18035,0.111386139,292.7,0.09050988,0.291569372,3
351,18037,0.01659751,99.6,0.02079173,0.321907671,1
352,18039,0.01626751,443.8,0.081343647,0.26507589,5
353,18041,0.053846154,107.2,0.022128694,0.34299475,4
354,18043,0.130563798,525.8,0.071958447,0.304290251,2
355,18047,0.070866142,59.1,0.017329346,0.331852569,4
356,18053,0.082066869,159.2,0.088009585,0.332094759,5
357,18055,0.172043011,59,0.01093545,0.343310629,4
358,18057,0.073722628,837.2,0.110022843,0.240410075,1
359,18059,0.076923077,249.5,0.042029574,0.299642441,2
360,18061,0.12,83.3,0.015935564,0.326517968,7
361,18063,0.081664099,410.4,0.109107892,0.262578663,1
362,18065,0.067307692,123.2,0.034119865,0.331234074,4
363,18067,0.100628931,281.1,0.095427725,0.334640507,2
364,18071,0.007092199,86.6,0.042801115,0.295277822,4
365,18079,0.041666667,73.3,0.015501068,0.305385535,5
366,18081,0.101666667,487.5,0.063863018,0.267261962,4
367,18085,0.009584665,149.3,0.0331342,0.304383444,5
368,18087,0.007194245,103.6,0.013475718,0.246046275,5
369,18091,0.050955414,183.9,0.128019126,0.318879708,4
370,18089,0.058236273,970.8,0.27016934,0.303711105,6
371,18093,0.136612022,101.7,0.017824297,0.344333012,6
372,18095,0.113782051,286.9,0.097260897,0.316497096,4
373,18097,0.063915635,2409,0.333211476,0.246130076,4
374,18099,0.009836066,104.2,0.020952257,0.315451479,6
375,18103,0.005780347,95.1,0.065650744,0.310906177,5
376,18105,0.105263158,372.4,0.111620847,0.234751594,4
377,18107,0.074626866,76,0.024696187,0.3209722,6
378,18109,0.100649351,173.6,0.01536026,0.320825489,4
379,18113,0.08259587,115.7,0.020954304,0.299082723,8
380,18117,0.186567164,48.9,0.023654369,0.34516907,5
381,18123,0.019417476,50,0.037692388,0.332373573,4
382,18127,0.060200669,405.6,0.061930257,0.305629916,3
383,18133,0.049689441,78.6,0.05331004,0.297784483,3
384,18137,0.055045872,63.9,0.019177506,0.317603338,7
385,18143,0.020689655,125.4,0.019850909,0.309657425,7
386,18145,0.050083472,108.5,0.02769493,0.319982957,6
387,18141,0.035233824,591.4,0.172163932,0.285104387,3
388,18151,0.019047619,112,0.01928526,0.353264327,3
389,18157,0.010141988,386.2,0.147745638,0.211543243,2
390,18163,0.015015015,775.1,0.116381359,0.309005714,3
391,18167,0.044776119,266.3,0.098569646,0.284701916,3
392,18173,0.175141243,162.6,0.047053559,0.314271101,1
393,18177,0.022140221,164.1,0.067975006,0.331184785,5
394,18181,0.040816327,47.8,0.02167157,0.349107032,3
395,19005,0.033057851,21.6,0.032967033,0.380928282,4
396,19013,0.029956427,234,0.130686968,0.28588907,2
397,19015,0.00990099,46.1,0.022811812,0.339292492,4
398,19021,0.004388715,34.6,0.157643152,0.289976854,5
399,19047,0.003215434,24,0.078039399,0.308019583,8
400,19049,0.02526725,153.3,0.079152806,0.219461078,2
402,19061,0.056701031,159.2,0.056838127,0.316176926,3
404,19099,0.060283688,50.9,0.034915336,0.3335128,4
405,19103,0.01242236,246.3,0.146786989,0.215337829,3
406,19113,0.078508342,315.1,0.090328407,0.285057258,2
407,19115,0.033802817,27.8,0.057032859,0.330736861,7
408,19123,0.12962963,38.5,0.039045455,0.320272727,4
409,19127,0.019128587,69.8,0.072584478,0.315850029,7
410,19139,0.074912892,98.1,0.0508747,0.301660882,5
411,19149,0.019900498,29.1,0.028969914,0.325841801,3
412,19153,0.031467181,849.1,0.127695996,0.248784903,3
413,19155,0.021400778,98.4,0.036874686,0.317845039,2
414,19163,0.024570025,378.3,0.114864124,0.295204954,3
416,19169,0.007843137,171.3,0.118831864,0.212089088,1
417,19171,0.067599068,23.4,0.101455277,0.346367724,6
418,19179,0.038518519,81.5,0.072603323,0.321232779,4
419,19181,0.005076142,89.6,0.02138828,0.284824506,2
420,19183,0.043269231,38.9,0.023440676,0.329343751,8
421,19193,0.013284623,117.5,0.103024215,0.273378909,3
423,20055,0.006493506,28.1,0.100898637,0.216492311,7
424,20057,0.005313496,30.9,0.063385269,0.220254958,7
425,20085,0.009708738,20.2,0.100828313,0.330572289,6
426,20091,0.065099458,1262.3,0.107119847,0.269966781,2
427,20103,0.006311993,175.8,0.121508998,0.274178877,3
428,20111,0.012684989,39.4,0.069777884,0.274052565,8
429,20173,0.032722513,514.9,0.155451542,0.271476051,2
430,20175,0.002141328,34.1,0.100229568,0.194490358,6
431,20177,0.019522777,326.3,0.119780957,0.319128558,2
432,20209,0.043428571,1090.5,0.304196608,0.240745445,7
433,21001,0.18627451,47.4,0.037678897,0.325474889,8
434,21003,0.029411765,61.3,0.019221665,0.313275258,9
435,21015,0.038817006,533.9,0.067047813,0.260155246,3
436,21029,0.02962963,272.9,0.024201606,0.295772737,5
437,21031,0.053278689,30,0.014171625,0.331271531,9
438,21037,0.057971014,615.6,0.043831587,0.298211525,2
439,21047,0.018867925,99.9,0.250296494,0.212749927,5
440,21059,0.022222222,220.6,0.072954581,0.304349976,3
441,21067,0.017714792,1141.5,0.200725801,0.248746062,2
442,21083,0.114285714,67.6,0.054639976,0.319747032,7
443,21085,0.080291971,53,0.018350367,0.318908856,5
444,21093,0.037593985,177.1,0.160163471,0.268920584,5
445,21101,0.028985507,104.4,0.093351758,0.321159878,4
446,21107,0.139130435,83.2,0.080367445,0.327527292,4
447,21111,0.055902468,2025.4,0.257341499,0.296025915,4
448,21117,0.053623188,1036.2,0.066720465,0.276993213,3
449,21141,0.04368932,48.9,0.073177961,0.325058357,7
450,21145,0.024390244,262.7,0.124567686,0.338995501,3
451,21177,0.015904573,65.9,0.054526548,0.329466433,7
453,21185,0.053097345,355,0.067895291,0.257635023,2
454,21211,0.02166065,127.8,0.095346057,0.288552702,7
455,21227,0.007843137,242.4,0.152334227,0.238016516,3
456,22001,0.051926298,94.9,0.189821515,0.285206625,9
457,22003,0.044247788,33.6,0.259050967,0.27029877,8
458,22005,0.061181435,429.9,0.257002374,0.235473883,4
459,22007,0.051094891,65.8,0.310179372,0.326950673,9
460,22009,0.04787234,48.6,0.322351836,0.298749444,10
461,22011,0.044117647,32.2,0.146055351,0.283547634,7
462,22013,0.137142857,16.4,0.428238653,0.35467388,10
463,22015,0.054901961,151.4,0.259071431,0.261831191,6
464,22017,0.07459045,276.5,0.518652078,0.304406353,6
465,22019,0.066062176,191,0.279254795,0.276413998,5
466,22025,0.022900763,13.6,0.313696919,0.315986678,9
467,22029,0.046728972,28.1,0.407418761,0.309063969,8
468,22031,0.062730627,31.3,0.377569617,0.316700685,10
469,22033,0.060457516,968.3,0.508769582,0.260860494,4
471,22037,0.140969163,42.6,0.43988604,0.337270137,8
472,22041,0.030660377,32.3,0.327793213,0.314149633,8
473,22045,0.090322581,123.6,0.362230586,0.288394581,9
474,22047,0.069918699,52.9,0.496928578,0.293511812,9
475,22049,0.092592593,27.9,0.296252044,0.331027544,9
476,22051,0.055489544,1468.2,0.331256004,0.310117935,5
477,22053,0.052631579,48.5,0.180165917,0.298302831,9
478,22055,0.026622296,903.5,0.292937697,0.257613826,3
479,22057,0.078331638,91.8,0.178117515,0.288844723,5
480,22061,0.074688797,100,0.432515467,0.234320705,5
481,22063,0.058608059,215.3,0.079746645,0.250861593,7
482,22065,0.006993007,17.9,0.635606128,0.263775647,9
483,22067,0.037267081,31.9,0.490826049,0.32474998,7
484,22069,0.067010309,30.9,0.433973978,0.278149978,7
485,22071,0.070031035,2307.9,0.638667949,0.279985473,6
486,22073,0.032542747,253.1,0.391972811,0.271448454,5
487,22075,0.074561404,30,0.281290047,0.259888936,8
488,22077,0.113122172,39.4,0.36390155,0.360164084,9
489,22079,0.034367142,99.1,0.345935264,0.293584657,7
490,22083,0.018292683,36.1,0.365293185,0.312698098,7
491,22087,0.04028021,123.8,0.272404272,0.240020548,7
492,22089,0.069591528,189.5,0.283193706,0.278314643,5
493,22093,0.087662338,87.1,0.499310738,0.317250559,8
494,22095,0.093049327,202.7,0.59834661,0.281331049,8
495,22097,0.148648649,89.6,0.426900585,0.294185878,9
496,22099,0.076923077,72.7,0.319594935,0.28973723,9
497,22101,0.091922006,89.6,0.362277494,0.311648652,8
498,22103,0.086489253,305.3,0.147719392,0.310238618,3
499,22105,0.040076336,169.1,0.317341546,0.268626146,7
500,22109,0.070197044,90.1,0.269885877,0.274506625,7
501,22111,0.047393365,25.5,0.262203314,0.358441558,7
502,22117,0.078754579,69.6,0.313597527,0.318213044,9
503,22119,0.032258065,65.4,0.354940976,0.336615289,7
504,22121,0.151960784,137.4,0.408710788,0.269156544,8
505,22123,0.026086957,30.5,0.172190858,0.326534329,7
506,22125,0.060606061,38.3,0.452652005,0.287322122,8
507,22127,0.014018692,14.9,0.323333805,0.316824678,7
508,23001,0.009324009,230.1,0.058340066,0.321483298,2
509,23005,0.039446367,351.5,0.058312355,0.331363245,1
510,23011,0.066176471,140.7,0.023180951,0.358846031,1
511,23019,0.019607843,44.5,0.034461534,0.338665484,1
512,23031,0.024663677,208.2,0.0280077,0.366796134,1
513,24001,0.090909091,167.3,0.097442762,0.335272983,3
514,24003,0.041882556,1388.4,0.229708123,0.279767929,1
515,24005,0.058725762,1384.6,0.369608332,0.309196541,3
516,24510,0.044559585,7443.7,0.666068598,0.267081055,6
517,24009,0.055702918,431.6,0.158755693,0.30024021,1
518,24011,0.007067138,104.3,0.167697574,0.307140283,5
519,24013,0.105527638,376.3,0.063017651,0.318911826,1
520,24015,0.067264574,297,0.092923969,0.305768969,2
521,24017,0.065149137,352.8,0.541432667,0.258019975,2
522,24019,0.024242424,59.2,0.309769361,0.371585724,5
523,24021,0.049457701,387.2,0.160056015,0.279982632,1
524,24025,0.056751468,581,0.183342784,0.305702563,1
525,24027,0.031847134,1289,0.400605206,0.26867288,1
526,24029,0.12371134,70,0.16824021,0.422380436,2
527,24031,0.050671729,2142.6,0.367709609,0.28655563,3
528,24033,0.035714286,1883.8,0.710353368,0.262454526,4
529,24035,0.06557377,135.1,0.083441126,0.345585162,1
530,24037,0.068728522,315.4,0.185365334,0.261103813,1
531,24041,0.037383178,137.7,0.151347111,0.446034408,2
532,24043,0.037996546,329.7,0.146124591,0.306799359,4
533,24045,0.034079844,275.6,0.309869664,0.285847183,4
534,24047,0.065637066,110.7,0.152441966,0.439515273,2
535,25001,0.087306917,542,0.059897944,0.482004376,1
536,25003,0.07253886,136.3,0.057769019,0.395051762,2
537,25005,0.065362776,1019.7,0.091476928,0.309821248,5
538,25009,0.067255391,1605.2,0.122039416,0.313405123,5
539,25011,0.144475921,101.5,0.042402379,0.389498753,6
540,25013,0.098628448,762.2,0.147933912,0.304670859,4
541,25015,0.111231102,306,0.097883549,0.304694617,2
542,25017,0.075903044,1974.4,0.192704714,0.282067289,3
543,25021,0.1003156,1780.8,0.200339388,0.307968097,2
544,25023,0.073543233,786.1,0.135907452,0.329995059,3
545,25025,0.049187959,13882.2,0.354524981,0.223705856,4
546,25027,0.072637812,549.9,0.119474411,0.298878603,4
547,26005,0.020905923,142.2,0.032873934,0.310601993,4
548,26007,0.113043478,49.6,0.018653032,0.406664316,3
549,26017,0.076719577,235,0.032341253,0.35675452,5
550,26021,0.064261556,271.5,0.180120798,0.343918879,6
551,26023,0.024319066,86.1,0.036816285,0.327197286,6
552,26025,0.055441478,190.4,0.151910594,0.31658822,7
553,26027,0.034782609,105.4,0.074497125,0.367142276,6
554,26037,0.057894737,140.1,0.044383099,0.311627086,5
555,26045,0.027131783,190.9,0.101888442,0.331733834,5
556,26049,0.109175377,638.8,0.221505952,0.318175339,4
557,26059,0.137362637,76.5,0.018645216,0.349821854,7
558,26065,0.035151515,526.4,0.205188993,0.248576357,2
559,26067,0.02173913,112.4,0.05928983,0.282868712,5
560,26069,0.089285714,45.7,0.027510865,0.477173956,7
561,26075,0.025316456,226.3,0.096950694,0.32294441,4
562,26077,0.065968586,471.6,0.154687205,0.266428814,3
563,26081,0.02595659,771.9,0.149131367,0.260383367,3
564,26087,0.073076923,136.9,0.024798928,0.345810424,5
565,26091,0.010799136,131.1,0.042547778,0.333492765,5
566,26093,0.050877193,338.3,0.022324604,0.332102665,3
567,26099,0.122482532,1825.4,0.16895282,0.313494345,6
568,26111,0.058823529,161.2,0.045367689,0.32866637,1
569,26115,0.036842105,273.8,0.038540538,0.336136241,6
570,26121,0.056603774,347.7,0.160206927,0.312665622,6
572,26125,0.094316273,1451.3,0.22624029,0.31093765,2
573,26127,0.026086957,52,0.033502347,0.361502347,10
574,26137,0.076335878,47.9,0.024934117,0.362740726,5
575,26139,0.053854277,515.5,0.056187047,0.270150158,5
576,26145,0.102497847,238.5,0.216226415,0.334072327,6
577,26155,0.101886792,128.5,0.019782379,0.337414946,5
578,26147,0.088291747,220.9,0.038930066,0.346969003,6
579,26149,0.016129032,121.9,0.039480366,0.321429156,7
580,26157,0.123222749,65.4,0.023649935,0.364479397,7
581,26159,0.033980583,124.2,0.061048669,0.333938607,9
582,26161,0.053519769,525.5,0.226726116,0.251960438,1
583,26163,0.122478915,2865.5,0.431772064,0.287329387,8
584,27003,0.051136364,836.4,0.127329974,0.280631294,2
585,27009,0.015544041,99.3,0.065433469,0.259588112,7
586,27013,0.012269939,90.2,0.071855488,0.246978213,1
587,27019,0.007380074,292.2,0.058425317,0.253536905,1
588,27027,0.071146245,61.2,0.073629896,0.239949965,6
590,27037,0.042774566,756.8,0.131356321,0.278449919,2
592,27053,0.070032098,2275,0.226664009,0.26681954,1
593,27067,0.001831502,53.8,0.079850659,0.33232995,2
594,27083,0.009345794,35.9,0.090444418,0.287135667,6
595,27091,0.034965035,27.8,0.021885267,0.393682082,5
596,27099,0.003072197,56.2,0.097373222,0.312464072,5
597,27105,0.003703704,30.7,0.140622149,0.285486225,5
598,27109,0.015424165,239.2,0.136027694,0.285569854,1
599,27123,0.04759519,3614.8,0.293546101,0.265951182,2
600,27131,0.004322767,134.2,0.090404822,0.283075027,3
601,27139,0.007462687,413.4,0.125233239,0.230572462,3
602,27141,0.007490637,221.8,0.048679662,0.235265942,1
603,27137,0.113821138,32,0.053721077,0.343852939,2
604,27145,0.009013283,118.6,0.099575526,0.27357211,1
606,27153,0.00536193,26,0.022821577,0.372101538,7
607,27163,0.046307885,674.5,0.117985656,0.289177125,4
608,27171,0.005291005,206.1,0.035079098,0.248502006,2
609,28001,0.075221239,67.5,0.543632983,0.341529879,6
610,28007,0.069277108,25,0.441873128,0.321426627,10
611,28011,0.06185567,35.7,0.65292184,0.281715763,9
612,28015,0.090163934,15.8,0.335384926,0.396630007,9
613,28017,0.095238095,34.2,0.455768447,0.29969134,9
614,28021,0.057142857,18.5,0.873694735,0.281159742,10
615,28023,0.126506024,22.6,0.353947706,0.35023071,5
616,28025,0.034482759,47.3,0.596719282,0.326369545,6
617,28027,0.026666667,41,0.778504508,0.283321549,9
618,28029,0.014563107,36.7,0.526013383,0.316294713,10
619,28031,0.014563107,45.6,0.369490267,0.300058346,9
620,28033,0.01810585,382.2,0.309992802,0.246493151,3
621,28035,0.06020558,160.9,0.395543472,0.247467882,6
622,28043,0.024390244,49.9,0.436760864,0.31146996,7
623,28047,0.019073569,360,0.294589886,0.279259618,7
624,28049,0.020642202,272.6,0.738152983,0.266440306,6
625,28051,0.072186837,23.3,0.830666213,0.278799228,10
626,28057,0.077669903,44.1,0.078411362,0.300931241,6
627,28059,0.04359673,198.2,0.248895496,0.29498803,4
628,28061,0.020304569,24.3,0.539931824,0.345020696,8
629,28067,0.044267877,98.5,0.309723784,0.30040461,5
630,28069,0.071005917,13.1,0.649147302,0.329909245,9
631,28071,0.022099448,86.7,0.262497034,0.228386838,2
632,28073,0.020833333,125.6,0.228769997,0.255544702,3
633,28075,0.092478422,107,0.455594355,0.303530411,7
634,28077,0.008474576,28.9,0.330871136,0.325250903,9
635,28079,0.030800821,39,0.495628871,0.288362694,10
636,28081,0.03654485,189.4,0.317023075,0.273761179,5
637,28083,0.122282609,48.8,0.759258619,0.264428231,9
638,28085,0.097859327,58.4,0.311211811,0.307469668,7
639,28087,0.028391167,116.6,0.463261497,0.291175971,3
640,28089,0.033745782,147.8,0.416084446,0.26491527,3
641,28091,0.062068966,45.6,0.325429901,0.321707465,7
642,28093,0.028037383,50.2,0.484415108,0.324081126,8
643,28095,0.084745763,46.5,0.311944663,0.32909684,6
644,28099,0.056753689,51.1,0.394300429,0.281133047,10
645,28101,0.01863354,37.1,0.373688383,0.28615399,9
646,28103,0.028301887,15.2,0.727954438,0.303084955,10
647,28105,0.046831956,108.2,0.411661525,0.206536422,3
648,28107,0.031496063,49.9,0.505880976,0.291357013,9
649,28109,0.139013453,68.3,0.138877354,0.324570748,8
650,28113,0.045081967,96.7,0.547658165,0.297778227,7
651,28121,0.018552876,198.5,0.230360879,0.276214734,4
652,28123,0.017391304,46.4,0.403436207,0.279068123,10
653,28127,0.008403361,45.4,0.363517453,0.31769938,9
654,28129,0.061111111,25.2,0.243594551,0.335333083,7
655,28133,0.033057851,36.9,0.748591412,0.25475034,10
656,28137,0.007462687,71.1,0.320317118,0.296289857,9
657,28145,0.078431373,68.8,0.16940502,0.288191289,4
658,28147,0.00952381,35.8,0.447977878,0.335499482,9
659,28149,0.046332046,78.5,0.506605163,0.308861746,3
660,28151,0.030075188,62.2,0.735481437,0.299403058,9
661,28153,0.017994859,25,0.407281506,0.311705587,6
662,28155,0.073394495,23.3,0.198508378,0.320187985,6
663,28159,0.013333333,29.9,0.485439031,0.340820259,9
664,28161,0.050724638,26.5,0.39477082,0.346029697,10
665,28163,0.017241379,30.6,0.588324837,0.244406684,10
666,29007,0.008196721,36.8,0.082715032,0.313861736,4
667,29019,0.009302326,262.6,0.157412294,0.230788034,3
668,29021,0.002541296,217.1,0.088674623,0.294419167,6
669,29031,0.027777778,136.1,0.101139004,0.293969754,2
670,29037,0.070175439,150.6,0.061102959,0.308134992,4
671,29047,0.020134228,620.1,0.106131147,0.264952408,3
672,29071,0.107142857,112.4,0.020507379,0.325368959,6
673,29077,0.039823009,432.3,0.066901203,0.28388993,1
674,29095,0.025433526,1158.6,0.270736977,0.27946315,5
676,29099,0.046296296,341.7,0.023690979,0.297873384,6
678,29155,0.057692308,33,0.271693707,0.307645034,9
679,29169,0.009433962,95.1,0.179816972,0.171088553,9
680,29195,0.014814815,30.3,0.08525879,0.318453811,7
681,29201,0.068965517,91.6,0.130193978,0.314810963,7
682,29183,0.072984749,712.3,0.082025242,0.288337149,3
683,29189,0.089221984,1963.3,0.298463807,0.32239592,2
684,29510,0.063542136,4891.6,0.502440249,0.269312306,6
685,29207,0.059322034,35.5,0.021639389,0.339245361,8
686,30031,0.005319149,43,0.032562837,0.237655976,1
687,30111,0.027777778,60.8,0.065899823,0.303777391,1
688,31001,0.039568345,55.9,0.041699724,0.316968678,2
689,31019,0.005681818,51.2,0.038435957,0.258833014,2
690,31037,0.00618238,26.4,0.09999081,0.251079864,3
691,31043,0.018380241,76,0.14370363,0.253049843,7
692,31047,0.009467456,23.4,0.097346999,0.287991902,5
693,31053,0.004702194,69.6,0.040770841,0.323992281,4
694,31055,0.010406005,1725.9,0.172244567,0.246743579,2
695,31079,0.02851711,112.8,0.076565975,0.27071599,3
696,31109,0.00672495,378.8,0.103217429,0.251525505,2
697,31119,0.01179941,61.8,0.057837929,0.298005199,2
698,31141,0.001545595,49.5,0.038156041,0.308245661,2
699,31151,0.003846154,25,0.074703833,0.270174216,3
700,31153,0.007717751,771.8,0.080478589,0.229758374,1
701,31157,0.011299435,48.7,0.056656201,0.325655061,2
702,32510,0.040650407,383.1,0.08275887,0.34881077,5
703,32003,0.042994895,282.8,0.260377649,0.265655814,7
704,32031,0.03544683,73.9,0.117719304,0.295483483,2
705,33011,0.069186635,474,0.080183602,0.306641589,1
706,33013,0.045918367,161.8,0.043557949,0.337420268,1
707,33015,0.05579096,445,0.036742826,0.344561027,1
708,33017,0.046594982,352.6,0.05473134,0.286132677,1
709,34001,0.072086504,477.6,0.266116363,0.329606034,6
710,34003,0.088285229,4020,0.250613862,0.313547036,1
711,34005,0.074376788,557.7,0.244249906,0.316250696,2
712,34007,0.059217082,2291.8,0.287103759,0.291779568,4
713,34009,0.09077381,368.1,0.064952463,0.433869922,3
714,34011,0.040044494,312.1,0.257319238,0.276124049,10
715,34013,0.095292517,6336.8,0.490686662,0.258286476,6
716,34015,0.067466887,905,0.149553204,0.301738456,5
717,34017,0.06693312,14636.5,0.329748351,0.224741554,7
718,34019,0.063400576,291.5,0.076839809,0.360713312,1
719,34021,0.070139737,1646.8,0.343597135,0.282728204,3
720,34023,0.065803864,2685.8,0.379119786,0.28058239,4
721,34025,0.077388426,1325.4,0.137807112,0.333162738,1
722,34027,0.096994536,1074,0.150299052,0.318025284,1
723,34029,0.088572046,956.9,0.059177164,0.360383345,2
724,34031,0.060123731,2726.6,0.227668832,0.272617274,5
725,34033,0.080508475,188.6,0.166562844,0.334914626,5
726,34035,0.091729639,1097.3,0.296007416,0.303683371,1
727,34037,0.129004329,271.3,0.049765978,0.342722605,2
728,34039,0.069168506,5425.5,0.305986557,0.274108664,5
729,34041,0.114808652,296.4,0.089422286,0.342771249,2
730,35001,0.046920821,584.7,0.129905511,0.293915878,3
731,35006,0.042553191,5.9,0.46175129,0.293314888,10
732,35013,0.008982036,57.1,0.063947555,0.268405035,6
733,35031,0.050408719,13.3,0.814372666,0.239452206,10
734,35035,0.005738881,10.1,0.146403917,0.297030593,5
735,35045,0.069712671,22.7,0.42851659,0.279151972,7
736,35043,0.042586751,39.1,0.188353688,0.315624161,3
737,35049,0.017241379,78.6,0.073725809,0.398944394,3
738,36001,0.076162216,587.4,0.215933993,0.301223964,3
739,36007,0.090076336,271.6,0.112204488,0.333999447,5
740,36009,0.047169811,58.7,0.061309214,0.343688183,8
741,36011,0.009433962,111.5,0.05791691,0.346101497,6
742,36013,0.037383178,120.7,0.043145562,0.352847842,8
743,36015,0.036231884,206.8,0.08570513,0.336316377,5
744,36017,0.02173913,53.2,0.022130596,0.36471306,8
745,36021,0.095671982,94.4,0.077391682,0.405000334,5
746,36027,0.038102262,369.2,0.165046065,0.327872313,5
747,36029,0.084934722,882.1,0.186884255,0.323703218,6
748,36035,0.076595745,108.2,0.034464742,0.346811965,9
749,36037,0.028169014,116.7,0.051833562,0.341743319,4
750,36039,0.019920319,73.4,0.082920975,0.38158809,3
751,36043,0.0078125,43.8,0.024727896,0.359953423,6
752,36051,0.032520325,100.1,0.048729182,0.329922343,8
753,36053,0.011940299,108.1,0.037276644,0.338526732,4
754,36055,0.073055309,1129.7,0.207397161,0.310934794,7
755,36057,0.048076923,122.7,0.050045496,0.328723082,10
756,36059,0.064791465,4770.8,0.244230655,0.321122132,2
758,36063,0.054747648,402.9,0.098302072,0.349298827,4
759,36065,0.0625,189.4,0.118086742,0.32865226,5
760,36067,0.065191624,593.3,0.170624652,0.311444775,4
761,36069,0.094420601,170.6,0.046539358,0.35138899,4
762,36071,0.036928598,470.6,0.171482729,0.2675029,7
763,36073,0.134328358,103.8,0.08177386,0.336698513,10
765,36079,0.0464756,429.4,0.067032723,0.332342353,3
766,36083,0.06614786,244.4,0.112699289,0.313505852,4
767,36087,0.034670039,1876.7,0.205802975,0.278183577,6
768,36091,0.00967118,284.2,0.052919018,0.326312222,2
769,36093,0.043715847,759.6,0.186237528,0.309411007,5
770,36089,0.013953488,40.3,0.04937666,0.312771294,7
771,36101,0.07421875,68.9,0.036107979,0.346037413,7
772,36103,0.049248009,1623.9,0.139143862,0.314168658,3
773,36105,0.021648045,78,0.127645765,0.336869851,9
774,36107,0.129496403,93.6,0.022487644,0.366392092,4
775,36109,0.011560694,216.6,0.158327902,0.256564163,3
776,36111,0.026995979,158.9,0.101019603,0.352560765,6
777,36113,0.120622568,74.1,0.027402163,0.383676963,2
778,36115,0.04526749,73.6,0.044528327,0.349053058,8
779,36117,0.007518797,149.2,0.043668947,0.346831142,8
780,36119,0.044718289,2247.6,0.244743761,0.306937078,6
781,37001,0.043701799,392.6,0.241798649,0.299917085,9
782,37015,0.029850746,27.2,0.630610743,0.390991275,10
783,37017,0.010204082,38,0.378366978,0.370924977,10
784,37019,0.020576132,161.5,0.121943193,0.496577546,8
785,37021,0.074561404,394.6,0.085568288,0.338402103,3
786,37023,0.022038567,178.2,0.123730389,0.352492753,9
787,37025,0.033519553,584.2,0.24425339,0.249240567,6
788,37027,0.012048193,173.9,0.065866949,0.34712114,9
789,37033,0.009708738,53.4,0.338576086,0.374570447,10
790,37035,0.022988506,397.9,0.141933288,0.318073519,8
791,37037,0.045792079,107.2,0.162840619,0.393661384,6
792,37045,0.012578616,210.3,0.224875826,0.326150853,9
793,37047,0.072599532,59.4,0.353265654,0.338657803,10
794,37049,0.018115942,145.2,0.258531561,0.317241915,7
795,37051,0.033519553,509.5,0.449104805,0.225892938,10
796,37057,0.021374046,301.5,0.125265584,0.325722928,9
797,37059,0.014084507,161.8,0.082465542,0.359558187,8
798,37061,0.016488046,72.1,0.283080739,0.326610711,10
799,37063,0.020714286,1107.6,0.442964081,0.24743085,4
800,37065,0.035714286,102.9,0.592366119,0.348428036,10
801,37067,0.011111111,928.8,0.31351705,0.290404353,4
802,37069,0.090909091,137.4,0.28080225,0.316119005,9
803,37071,0.015238095,625.9,0.200658751,0.292121016,7
804,37077,0.022058824,113.1,0.340181319,0.318073692,8
805,37079,0.016393443,79,0.401246907,0.308395203,10
806,37081,0.046094129,826.5,0.417930556,0.276084472,7
807,37083,0.0041841,69.8,0.589314668,0.358425278,10
808,37085,0.072992701,225.6,0.257290596,0.234111196,8
809,37089,0.107692308,312.9,0.057534176,0.404255319,6
810,37091,0.039735099,67,0.633585528,0.351198275,10
811,37093,0.003333333,140.2,0.471368052,0.210046746,10
812,37097,0.011210762,311,0.157928657,0.295295206,6
813,37101,0.027685493,256.1,0.189500432,0.254353028,9
814,37105,0.008389262,241,0.23244158,0.296621754,10
815,37107,0.026845638,139.7,0.433918108,0.349274689,10
817,37113,0.004329004,68.4,0.036531104,0.438203202,7
818,37111,0.006289308,103.3,0.06216626,0.352736942,9
819,37119,0.01789373,2088.2,0.40528439,0.222344618,5
820,37123,0.023809524,55.5,0.219390561,0.350848887,10
821,37125,0.031446541,141.4,0.151182586,0.37396891,7
822,37127,0.01369863,174,0.435159973,0.32794418,10
823,37129,0.012987013,1212.7,0.161912224,0.306405366,3
824,37131,0.082840237,36.7,0.586247205,0.433268957,10
825,37133,0.01875,259.2,0.197852117,0.172746265,6
826,37135,0.083682008,366.9,0.210111829,0.260780541,5
827,37139,0.106870229,174.7,0.391987689,0.306768586,8
828,37141,0.006993007,71.5,0.170087835,0.329960426,6
829,37147,0.004056795,276,0.389119246,0.244589081,6
830,37151,0.019417476,183.2,0.094439523,0.318002665,9
831,37153,0.023696682,94.7,0.365205962,0.314278076,9
832,37155,0.03116407,138.9,0.669834864,0.281011295,10
833,37157,0.01459854,160.4,0.205248649,0.361572389,10
834,37159,0.043859649,276.2,0.189272416,0.315541335,10
835,37161,0.039473684,118.5,0.111722982,0.36592045,9
836,37163,0.005134788,67.3,0.314949863,0.309118914,10
838,37167,0.030487805,157.1,0.145565848,0.325896093,7
839,37171,0.005899705,135.2,0.057708345,0.347417579,10
840,37179,0.030013643,373.6,0.165806162,0.246036591,4
841,37181,0.077108434,175.9,0.535058992,0.322574133,10
842,37183,0.013821922,1307.8,0.297202704,0.230014511,3
843,37185,0.015037594,46.2,0.58090574,0.420457414,9
844,37191,0.013046314,222.8,0.350658834,0.295501753,10
845,37193,0.011029412,90.9,0.058783202,0.364324577,10
846,37195,0.025096525,221.2,0.426358112,0.322079676,10
847,37197,0.016129032,112.1,0.048424473,0.34826732,9
849,38017,0.030126336,102.8,0.11575839,0.223842526,1
850,38035,0.011594203,49.3,0.109749894,0.234590928,1
851,39003,0.149377593,255.1,0.139056914,0.313072869,5
852,39007,0.1,138.9,0.048352189,0.340742412,7
853,39013,0.042643923,126.9,0.050085179,0.365113695,6
854,39017,0.030825023,818.7,0.131364775,0.277089686,6
855,39023,0.018823529,338.6,0.102730616,0.332979158,7
856,39025,0.025,454.5,0.033105234,0.308922157,4
857,39029,0.061956522,193,0.031685579,0.361554571,4
858,39033,0.040650407,103.4,0.020697954,0.353983153,4
859,39035,0.060344828,2720.7,0.344254203,0.324696488,4
860,39037,0.112612613,85.8,0.014496425,0.339185161,3
861,39041,0.037313433,462.3,0.112300196,0.257916475,1
862,39043,0.093896714,296.6,0.101896402,0.373852443,4
863,39045,0.027027027,308.8,0.105223967,0.290534208,4
864,39049,0.046098306,2462.1,0.298826223,0.233761734,4
865,39055,0.103857567,235,0.021237677,0.359370846,2
866,39057,0.041958042,406,0.110634245,0.308211554,2
867,39061,0.055076923,2012,0.300438113,0.28603597,3
868,39085,0.034482759,1013.3,0.065145718,0.354412313,6
869,39089,0.035031847,257.5,0.063987393,0.304763639,4
870,39093,0.077114428,630.1,0.109684257,0.326571038,4
871,39095,0.114774115,1261.2,0.227239421,0.300682253,4
872,39097,0.041666667,95.3,0.082543399,0.289127057,2
873,39099,0.135,557.9,0.17522927,0.36107071,4
874,39101,0.012195122,161.6,0.076529361,0.317104941,5
875,39103,0.075376884,425.2,0.030014625,0.324093198,2
876,39107,0.032520325,88.6,0.02111868,0.323591885,2
877,39109,0.077319588,261.3,0.045094237,0.326457796,4
878,39113,0.017137097,1153.4,0.243098749,0.314608768,4
879,39117,0.009090909,86.5,0.014211666,0.326498063,5
880,39123,0.177966102,159.9,0.016801982,0.42409674,5
881,39129,0.018814675,115.9,0.047946149,0.286833316,4
882,39133,0.164305949,334.3,0.071621033,0.305492644,2
883,39137,0.148514851,70,0.012759029,0.32161042,2
884,39139,0.015873016,244.5,0.107845647,0.333933393,3
885,39143,0.125,144,0.0429259,0.336927499,3
886,39151,0.120689655,645.9,0.093809039,0.339509761,2
887,39153,0.115820896,1312.9,0.193091944,0.324755775,2
888,39155,0.082066869,321.2,0.093199817,0.367603599,5
889,39157,0.019753086,162.4,0.021133484,0.339426749,3
890,39165,0.03868472,578.5,0.101514819,0.277344911,1
891,39167,0.161016949,95.2,0.023838417,0.363959771,6
892,39169,0.168831169,209,0.030707011,0.315020652,5
893,39173,0.15576324,211.8,0.051401726,0.276435392,6
894,40015,0.056818182,22.7,0.296338475,0.295268661,10
895,40017,0.019230769,161.1,0.121352468,0.247765616,3
896,40023,0.009803922,19,0.298950095,0.352877011,10
897,40027,0.072463768,522.8,0.158231825,0.247932857,2
898,40031,0.011730205,112.6,0.285587351,0.242090316,6
899,40037,0.066037736,75.4,0.142938942,0.3150243,7
900,40041,0.146788991,57.9,0.258816371,0.40439473,6
901,40051,0.025423729,50.5,0.093211643,0.305287034,4
902,40087,0.034482759,70.1,0.087482806,0.289183444,4
903,40089,0.013245033,17.7,0.274317341,0.310063297,9
904,40109,0.038953135,1118.2,0.246621801,0.255116821,4
905,40113,0.070175439,20.9,0.271919003,0.35021483,5
906,40119,0.009615385,119.8,0.141772306,0.219124817,1
907,40139,0.006153846,10,0.108824248,0.224639452,7
908,40143,0.037507562,1137,0.218901536,0.264686285,4
909,40145,0.099415205,142.7,0.16527275,0.29463238,5
910,40147,0.105714286,124.8,0.160716008,0.330787184,5
911,41005,0.036585366,222.5,0.074217389,0.321228144,1
914,41043,0.071428571,55.6,0.040216751,0.323461735,6
915,41047,0.025445293,293.4,0.078176713,0.27702469,7
916,41051,0.043617704,1882.4,0.167140464,0.248797852,2
917,41053,0.094488189,115.1,0.064105873,0.297850623,7
918,41059,0.022222222,24.1,0.071095,0.274704577,7
920,41067,0.022446689,825.3,0.158443688,0.249876609,5
921,42001,0.030405405,198.2,0.033760979,0.354534048,5
922,42003,0.083413231,1668.9,0.179197047,0.333155512,2
923,42007,0.125611746,379,0.07282903,0.37546588,4
924,42011,0.078168363,490.5,0.100485063,0.308685904,3
925,42017,0.099650671,1039.5,0.099777935,0.345040951,2
926,42019,0.046692607,238.3,0.030337222,0.342219833,4
927,42025,0.092664093,168.4,0.033537297,0.372911704,6
928,42027,0.035087719,146.7,0.107797672,0.256337336,2
929,42029,0.09147795,695.6,0.12612107,0.304231811,2
930,42037,0.086842105,135.5,0.035978367,0.336042532,1
931,42041,0.081300813,460.9,0.09489983,0.319028092,3
932,42043,0.064652568,527.8,0.249623778,0.309285196,3
933,42045,0.096159358,3072,0.29043065,0.303425758,4
934,42049,0.017094017,340.4,0.101381675,0.321641103,6
935,42055,0.049822064,200.5,0.057377208,0.332786515,7
936,42061,0.016736402,51.6,0.067304286,0.349805172,5
937,42067,0.046296296,63.1,0.018741904,0.34597636,7
938,42069,0.122347066,459.2,0.076112584,0.341339608,3
939,42071,0.08763569,575.9,0.082902069,0.310355676,5
940,42075,0.033613445,390.6,0.057418232,0.328912917,5
941,42077,0.067980794,1066.4,0.148082043,0.297951644,3
942,42079,0.059259259,356.8,0.085204914,0.339900392,3
943,42081,0.099415205,92.5,0.058233038,0.339131123,2
944,42085,0.052173913,164.6,0.069911369,0.368132414,4
945,42089,0.077777778,278.7,0.199968143,0.33176801,7
946,42091,0.097982346,1715.4,0.184124141,0.318690231,2
947,42095,0.074861368,824.5,0.10693324,0.333056656,2
948,42097,0.01754386,198.7,0.036428313,0.363822008,8
949,42101,0.06165475,11813.1,0.531165214,0.252902209,9
950,42103,0.041493776,102.6,0.089660844,0.396581624,4
951,42107,0.062228654,182.5,0.046090929,0.351805838,6
952,42115,0.099415205,49.3,0.013378009,0.412057454,5
953,42125,0.038461538,241.9,0.047808976,0.360088933,5
954,42127,0.071428571,70.7,0.046161947,0.406349949,5
955,42129,0.077235772,341.2,0.037842509,0.390181711,5
956,42133,0.027373824,495.8,0.090623348,0.316427713,3
957,7200,0.024957555,NA,NA,NA,NA
958,44001,0.054166667,2013.6,0.042097474,0.353635224,1
959,44003,0.072695035,972.3,0.058421467,0.345475739,1
960,44005,0.014440433,806.2,0.074313683,0.374718325,1
961,44007,0.051524711,1553.3,0.189405802,0.283108835,3
962,44009,0.118217054,383.2,0.047226559,0.369213578,1
963,45003,0.038461538,158.2,0.272902757,0.337436025,6
964,45007,0.025936599,280.2,0.178085813,0.31494598,7
965,45013,0.022764228,327.5,0.204255094,0.409315635,3
966,45015,0.04679803,201.2,0.282892565,0.260788544,7
967,45019,0.013733906,443.1,0.293029157,0.295689878,1
968,45023,0.008130081,55.5,0.382313727,0.332764876,6
969,45025,0.023972603,57.3,0.344254054,0.326004284,9
970,45027,0.119533528,55.5,0.489139466,0.384688427,10
971,45029,0.07960199,35.6,0.389219331,0.347610196,7
972,45031,0.036827195,119,0.426424359,0.331816413,10
973,45033,0.01980198,75.6,0.512271643,0.302460865,10
974,45035,0.010869565,280.2,0.289989854,0.267294129,6
975,45039,0.086580087,32.6,0.586911883,0.387286849,8
976,45041,0.052058111,172.7,0.454273699,0.299524461,4
977,45043,0.016574586,76.5,0.321627657,0.437243972,5
978,45045,0.022915975,654.9,0.218306422,0.283911531,2
979,45047,0.016025641,155.6,0.345824911,0.31428733,6
980,45051,0.028475712,303.5,0.154175396,0.396319015,3
981,45055,0.033482143,90.3,0.26090072,0.327128308,6
982,45057,0.024193548,173.7,0.236894527,0.335940449,5
983,45059,0.024539877,93.9,0.266247724,0.327133773,7
984,45061,0.080508475,41.8,0.652840975,0.327266363,10
985,45063,0.033783784,422.1,0.184905366,0.29202595,2
986,45067,0.047619048,63.4,0.586359097,0.341634718,8
987,45069,0.012658228,55,0.567126297,0.316880067,10
988,45071,0.019047619,61.1,0.327102804,0.338577362,7
989,45075,0.015228426,78.6,0.641831734,0.337232843,8
990,45077,0.01320132,251.7,0.095384074,0.28976204,4
991,45079,0.031900753,547.6,0.521684806,0.241019741,3
992,45081,0.006024096,45.4,0.294392523,0.341705607,8
993,45083,0.037298387,388.5,0.241353604,0.288947013,5
994,45085,0.030015798,160.2,0.503530119,0.291676055,8
995,45089,0.051903114,32.8,0.663432007,0.358655166,10
996,45091,0.015360983,402.8,0.229627387,0.269613816,2
997,46005,0.013392857,15,0.148493354,0.306466134,3
998,46013,0.006389776,23,0.095075796,0.303413369,2
1000,46099,0.015208034,239,0.120906697,0.252452353,1
1001,46103,0.017857143,40.2,0.133242041,0.325662988,1
1002,46127,0.008849558,33.9,0.038350727,0.319802804,1
1003,47003,0.01055409,103.5,0.108670827,0.273767283,9
1004,47007,0.001628664,36.3,0.080786174,0.338935954,9
1005,47009,0.028301887,235.1,0.045420978,0.346633777,5
1006,47011,0.006944444,324.6,0.071987407,0.30040196,6
1008,47035,0.015037594,87.6,0.018752199,0.460560052,4
1009,47037,0.012247738,1374.1,0.324481978,0.237111006,4
1011,47047,0.011299435,57.5,0.288789592,0.382008048,5
1012,47065,0.011646374,671.6,0.223835119,0.309578189,2
1014,47093,0.008431703,915.5,0.11838019,0.283531311,3
1016,47105,0.005025126,231.5,0.03255174,0.416179741,7
1017,47111,0.014492754,79,0.027488152,0.287203791,8
1018,47113,0.010928962,175.2,0.394272834,0.306008913,4
1019,47119,0.006134969,153.9,0.135425058,0.29742421,4
1020,47107,0.083333333,123.9,0.052603922,0.340996528,7
1021,47125,0.014749263,382,0.249133285,0.187705754,8
1022,47141,0.009836066,196.6,0.049097574,0.285618254,4
1024,47147,0.013867488,149.1,0.091280347,0.287951332,8
1025,47149,0.016901408,524.6,0.202206901,0.21205331,4
1026,47155,0.008064516,165.2,0.033761697,0.344747273,7
1027,47157,0.022001726,1226.2,0.575721015,0.260498374,6
1028,47165,0.043438914,353.5,0.099834891,0.291324025,5
1029,47167,0.005769231,134.3,0.200061707,0.280459882,6
1030,47169,0.002743484,96.4,0.126044315,0.235652016,8
1031,47187,0.017069701,397.7,0.096133846,0.259639493,1
1032,47189,0.025096525,246.4,0.096355556,0.290424889,5
1034,48005,0.01618123,109.2,0.175194048,0.287133147,7
1035,48021,0.013559322,97.9,0.105868286,0.291344739,8
1036,48027,0.011128776,338.4,0.302371486,0.206460429,7
1037,48029,0.020004495,1601.9,0.135382863,0.226829751,4
1038,48037,0.034946237,106.6,0.281200967,0.290180654,5
1039,48039,0.015202703,272.7,0.227833603,0.233333333,6
1040,48041,0.03045067,387.3,0.185082775,0.174939804,2
1042,48061,0.038664323,475.8,0.024201006,0.232842975,10
1043,48063,0.009259259,66.6,0.189135272,0.313051485,10
1045,48085,0.021264689,1194.9,0.274364122,0.221470314,1
1046,48091,0.036649215,265.2,0.050137154,0.327775269,4
1047,48099,0.006666667,71.1,0.225310127,0.191316437,6
1048,48113,0.019605145,3027.5,0.316788562,0.216419008,7
1049,48117,0.066037736,12.5,0.045788913,0.229104478,9
1050,48121,0.020316027,978,0.212646555,0.21399337,2
1051,48135,0.018575851,180.6,0.082288865,0.194147689,7
1052,48141,0.026080286,830.2,0.06688964,0.22714265,7
1053,48139,0.042410714,191.8,0.133507211,0.250746784,5
1054,48157,0.020399667,914.5,0.429309596,0.229078083,3
1055,48167,0.030487805,893,0.17843381,0.278336145,6
1056,48177,0.024096386,19.5,0.098050514,0.297224623,10
1057,48179,0.027027027,23.6,0.076364467,0.281525462,6
1058,48181,0.00913242,143.6,0.098349889,0.314827115,6
1059,48183,0.041811847,452.6,0.236065865,0.276233358,7
1060,48185,0.00729927,36,0.172073343,0.316466855,9
1062,48199,0.034246575,64.2,0.070445924,0.302917475,6
1063,48201,0.016433283,2758.2,0.287294841,0.212557775,6
1064,48203,0.103703704,74.1,0.233612085,0.302445823,9
1065,48209,0.00533049,328.4,0.076557173,0.212261545,2
1066,48215,0.013489209,551.2,0.025388624,0.19420883,9
1068,48231,0.027027027,114.8,0.114557533,0.290715389,7
1069,48245,0.024959742,291,0.39461806,0.270595017,6
1070,48251,0.011029412,236.5,0.063660926,0.265562176,8
1072,48257,0.009090909,164.8,0.151575936,0.236126013,7
1073,48277,0.066666667,54.8,0.163429054,0.322836229,5
1074,48291,0.023622047,74.5,0.121601427,0.24838108,9
1075,48303,0.05704698,343.2,0.117158732,0.228543453,2
1076,48323,0.0125,45.7,0.031991109,0.208651791,10
1077,48309,0.024539877,245.5,0.181381502,0.25598275,6
1078,48325,0.009049774,38.4,0.052375248,0.30132951,8
1079,48329,0.058558559,191.7,0.103141768,0.209279282,4
1080,48339,0.025384615,567.2,0.099965309,0.254225155,5
1081,48341,0.016036655,23.9,0.134233186,0.213823598,10
1082,48347,0.077160494,69.4,0.209401774,0.258510752,5
1083,48355,0.011111111,432,0.076753206,0.266178074,4
1084,48361,0.018867925,250.5,0.108612933,0.294356962,7
1085,48365,0.104072398,28.9,0.17660273,0.334154139,9
1086,48367,0.008928571,153.2,0.034067832,0.293059962,4
1089,48375,0.012907852,131.7,0.187140612,0.23600896,5
1090,48381,0.009234828,149.5,0.065501831,0.271216913,3
1091,48397,0.068627451,792.3,0.110861639,0.246023625,2
1092,48401,0.015625,58.9,0.195518825,0.294710744,9
1093,48419,0.034782609,31.9,0.205287591,0.303918483,10
1094,48423,0.014134276,249.8,0.206744823,0.286993802,4
1096,48439,0.026273673,2414.2,0.247619705,0.227373472,4
1097,48441,0.014326648,150.3,0.120945946,0.25318948,6
1098,48449,0.007002801,81.4,0.138528139,0.251778525,8
1099,48451,0.009433962,77.7,0.073086328,0.270109739,5
1100,48453,0.022727273,1261.1,0.176981172,0.203437377,2
1101,48469,0.040201005,104.3,0.091160971,0.284326615,6
1102,48471,0.014376997,92.4,0.256857064,0.24339128,6
1103,48477,0.119266055,58.1,0.199840492,0.358038054,9
1104,48479,0.02962963,82.1,0.020281976,0.181142402,9
1105,48485,0.017094017,210.4,0.152100497,0.268998364,4
1106,48491,0.03125,506.8,0.161063949,0.226457909,2
1108,49011,0.005952381,1177.2,0.052178907,0.195213143,3
1110,49035,0.012656541,1552.8,0.101121519,0.209166317,1
1111,49037,0.016528926,2,0.50689365,0.255938896,8
1114,49049,0.007159005,310.6,0.045280314,0.144077671,1
1115,49051,0.005698006,28.3,0.029572804,0.226714801,1
1117,49057,0.017751479,445,0.051938883,0.222336645,1
1118,50007,0.068421053,306.7,0.07678706,0.281323676,1
1119,50011,0.049019608,78,0.027842415,0.310940693,2
1120,51001,0.014056225,72.1,0.303776379,0.398247563,9
1121,51003,0.027586207,150.9,0.159964311,0.318245369,2
1122,51510,0.022222222,10680.6,0.309207002,0.224724351,2
1123,51013,0.053282182,9146,0.217311311,0.204537704,1
1124,51015,0.01369863,78,0.055965649,0.36349179,2
1125,51029,0.005758157,29.3,0.349079358,0.341784811,10
1126,51033,0.036036036,58.3,0.296600806,0.303457689,7
1127,51035,0.028901734,62.4,0.014475638,0.402922122,8
1128,51540,0.019480519,4698.9,0.26689112,0.216493131,1
1129,51550,0.023809524,712,0.351442914,0.264740308,3
1130,51041,0.017775752,823.4,0.290696473,0.281808375,1
1131,51570,0.147826087,2371.4,0.217293781,0.322716312,7
1132,51047,0.011494253,136.7,0.177095586,0.290807767,5
1134,51059,0.032309808,2943.4,0.316398664,0.261803362,1
1135,51061,0.015544041,109.2,0.103063318,0.313576229,2
1136,51065,0.058823529,93.6,0.167643655,0.34809394,2
1137,51069,0.009195402,213.7,0.071439081,0.308618641,3
1139,51640,0.048780488,779.5,0.085318387,0.334423167,10
1140,51075,0.051724138,82.6,0.182154535,0.40143693,3
1141,51081,0.020348837,39.4,0.608411456,0.279177776,10
1142,51650,0.020746888,2612.6,0.55204634,0.291274858,7
1143,51085,0.06684492,228.9,0.119919059,0.32798702,1
1144,51660,0.026869159,3101.8,0.146280976,0.172302112,4
1145,51087,0.059414592,1408.9,0.405161862,0.285399728,3
1146,51089,0.014851485,133.3,0.237768139,0.39408867,9
1147,51670,0.014184397,2198.1,0.453221809,0.278456364,9
1148,51093,0.051282051,117.1,0.251779287,0.35661516,6
1149,51095,0.064377682,536.3,0.172218804,0.39423014,2
1150,51107,0.020857814,789.1,0.28808406,0.196937446,1
1151,51685,0.015625,6840.7,0.294331773,0.183105102,5
1152,51683,0.009893455,4214.7,0.236017387,0.22165654,2
1153,51117,0.104803493,49,0.361859706,0.418858075,5
1154,51700,0.026246719,2599.7,0.476364023,0.250618611,5
1155,51710,0.010479042,4509.9,0.477252987,0.220865632,4
1156,51131,0.103053435,55.5,0.356369834,0.439625053,8
1157,51137,0.015267176,107.5,0.152712586,0.349416003,6
1158,51139,0.095238095,77,0.030251118,0.365478628,7
1159,51730,0.015706806,1376.7,0.799917636,0.307029493,10
1160,51740,0.031088083,2812.2,0.571920703,0.275710119,7
1161,51147,0.017647059,65.6,0.353986928,0.282527233,5
1163,51153,0.01846247,1391.2,0.332396033,0.211591181,3
1164,51159,0.017123288,47.2,0.312126577,0.348528435,7
1165,51760,0.015829694,3825.2,0.512839678,0.255355512,4
1166,51161,0.037313433,375.5,0.102059039,0.355808787,2
1167,51770,0.04,2347.7,0.338040432,0.296797438,6
1168,51165,0.011128776,95.7,0.040556841,0.329772045,5
1169,51171,0.050880626,85.5,0.04545141,0.361634136,7
1170,51175,0.012903226,29.4,0.361480723,0.374786762,8
1171,51177,0.01911589,334.3,0.209582979,0.274266601,5
1172,51179,0.005599104,557.6,0.245192051,0.222679381,2
1173,51800,0.098550725,227.9,0.452508636,0.279267423,6
1174,51183,0.010928962,22.9,0.576933345,0.313606835,10
1175,51810,0.03003337,1807.8,0.287987934,0.265817246,2
1176,51187,0.017316017,187.4,0.070219734,0.312501562,4
1177,51840,0.011320755,3045.3,0.156574641,0.281912623,4
1178,53005,0.054436987,118.7,0.067759081,0.271858607,7
1179,53007,0.025362319,26.4,0.047003998,0.331156862,4
1180,53011,0.043276662,766.1,0.095567772,0.282608741,6
1182,53017,0.016393443,23.6,0.045726804,0.301675717,9
1183,53021,0.024007387,76,0.076992379,0.181680393,9
1184,53025,0.010810811,36.3,0.055943122,0.248297048,10
1185,53029,0.06010929,405.2,0.102936301,0.387686479,2
1186,53033,0.067507671,1055.6,0.285446696,0.251043923,3
1187,53035,0.011235955,683.2,0.118085284,0.316239506,2
1188,53053,0.036550308,533.9,0.18831391,0.262884846,3
1189,53057,0.032397408,74.1,0.068639533,0.347752835,4
1190,53061,0.043115438,390.4,0.179721218,0.268810567,2
1191,53063,0.043735225,291.8,0.071078112,0.292718472,2
1192,53067,0.020304569,396.7,0.129457194,0.302745279,4
1193,53071,0.024590164,48,0.062161452,0.30609632,2
1194,53073,0.08388521,107.1,0.099474932,0.297631655,3
1195,53077,0.02112799,58.5,0.101417402,0.245559683,7
1196,54003,0.02278481,364.7,0.092603502,0.278911913,5
1197,54035,0.127659574,61.8,0.013237651,0.355221905,2
1198,54037,0.019138756,271,0.085564415,0.302582246,2
1199,54039,0.08097166,200.2,0.090571558,0.356190497,4
1200,54061,0.034482759,295.6,0.07925202,0.232221387,1
1202,54099,0.08490566,78.9,0.013168436,0.355422592,4
1203,55009,0.015390846,497.2,0.099347706,0.280752379,1
1204,55025,0.030991736,453,0.125548525,0.253868251,1
1205,55027,0.009433962,100.3,0.047559962,0.330654433,3
1207,55039,0.022304833,143.2,0.047328896,0.332456872,1
1208,55043,0.112149533,45,0.028125849,0.303914342,5
1209,55055,0.025,153,0.027100048,0.315638619,4
1210,55059,0.026315789,622.4,0.101571268,0.281333806,3
1212,55079,0.036420395,3927.9,0.332040359,0.256809474,4
1213,55087,0.023323615,293.9,0.071779681,0.284220639,1
1214,55089,0.072815534,382.5,0.047808676,0.352148698,1
1215,55101,0.027122049,591.2,0.142544663,0.310823872,3
1216,55105,0.024881517,227.2,0.073972132,0.305629287,2
1217,55117,0.025316456,225.8,0.086656389,0.327752564,1
1219,55127,0.036093418,186.8,0.029474151,0.323714302,2
1220,55131,0.040816327,315.1,0.032824096,0.33425453,2
1221,55133,0.038084875,733.4,0.060162949,0.342003414,1
1222,55139,0.016917293,393.6,0.0624196,0.298397848,2
1223,56013,0.029220779,4.3,0.23320938,0.323897701,4
1224,56021,0.010204082,36.9,0.055629648,0.290524976,1
1225,56039,0.00952381,5.8,0.033360773,0.286209436,1
